"Valores reales","Máquina","INY38",,"Pedido","F193667",,"Programa","22873"

"  ","t4012 [s]","t4018 [s]","t4015 [s]","V4062 [cm³]","p4072 [bar]"
"Valor nominal","18,85","0,73","5,8","9,5","697",
"Tolerancia inferior","17,85","0,63","4,8","7,5","597",
"Tolerancia superior","19,85","0,83","6,8","11,5","797",
"Mínimo","18,942","0,726","5,368","8,45","692",
"Máximo","19,002","0,738","5,992","10,23","722",
"xqq","18,97","0,733","5,69","9,875","709,4",
"Rq","0,018","0,003","0,102","0,46","9,4",
"sq","0,007","0,001","0,041","0,191","3,9",
"Sigma","0,008","0,001","0,043","0,204","4,1",
"Cp","42,739","26,39","7,72","3,274","8,1",
"Cps","37,633","25,678","8,57","2,66","7,1",
"Cpi","47,844","27,103","6,87","3,888","9,1",
"Cpd","37,633","25,678","6,87","2,66","7,1",
"LISx","18,98","0,734","5,748","10,15","715",
"LIIx","18,959","0,731","5,632","9,6","704",
"LISs","0,015","0,002","0,085","0,4","8",
"LIIs","0","0","0,001","0,01","0",
"n","455","455","455","455","455",


"Muestra aleatoria","Momento","Cantidad piezas","t4012 [s]","t4018 [s]","t4015 [s]","V4062 [cm³]","p4072 [bar]"
" 1/1","5 nov 2025 13:39:42","65640","18,964","0,732","5,710","10,00","706",
" 1/2","5 nov 2025 13:40:01","65648","18,968","0,730","5,688","9,86","703",
" 1/3","5 nov 2025 13:40:20","65656","18,956","0,734","5,750","9,52","699",
" 1/4","5 nov 2025 13:40:39","65664","18,978","0,732","5,784","9,92","703",
" 1/5","5 nov 2025 13:40:58","65672","18,966","0,730","5,674","9,76","705",
" 2/1","5 nov 2025 13:42:52","65720","18,962","0,730","5,704","9,71","703",
" 2/2","5 nov 2025 13:43:11","65728","18,968","0,730","5,706","9,71","706",
" 2/3","5 nov 2025 13:43:30","65736","18,984","0,732","5,728","9,87","710",
" 2/4","5 nov 2025 13:43:49","65744","18,984","0,732","5,704","9,58","704",
" 2/5","5 nov 2025 13:44:08","65752","18,976","0,730","5,736","9,79","707",
" 3/1","5 nov 2025 13:46:02","65800","18,972","0,732","5,790","9,58","696",
" 3/2","5 nov 2025 13:46:21","65808","18,968","0,732","5,720","9,93","713",
" 3/3","5 nov 2025 13:46:40","65816","18,974","0,732","5,658","9,72","704",
" 3/4","5 nov 2025 13:46:59","65824","18,958","0,732","5,684","9,24","703",
" 3/5","5 nov 2025 13:47:18","65832","18,962","0,734","5,710","9,42","694",
" 4/1","5 nov 2025 13:49:11","65880","18,972","0,730","5,628","9,63","696",
" 4/2","5 nov 2025 13:49:30","65888","18,976","0,734","5,724","9,83","704",
" 4/3","5 nov 2025 13:49:49","65896","18,970","0,732","5,700","9,77","705",
" 4/4","5 nov 2025 13:50:08","65904","18,966","0,732","5,728","9,77","701",
" 4/5","5 nov 2025 13:50:27","65912","18,982","0,732","5,646","9,83","709",
" 5/1","5 nov 2025 13:52:21","65960","18,968","0,734","5,738","9,85","710",
" 5/2","5 nov 2025 13:52:40","65968","18,966","0,732","5,668","9,94","706",
" 5/3","5 nov 2025 13:52:59","65976","18,978","0,734","5,704","9,85","708",
" 5/4","5 nov 2025 13:53:18","65984","18,958","0,726","5,700","9,77","701",
" 5/5","5 nov 2025 13:53:37","65992","18,962","0,730","5,660","9,81","705",
" 6/1","5 nov 2025 13:55:31","66040","18,980","0,734","5,642","9,45","694",
" 6/2","5 nov 2025 13:55:50","66048","18,950","0,734","5,742","9,88","707",
" 6/3","5 nov 2025 13:56:09","66056","18,980","0,732","5,662","9,56","707",
" 6/4","5 nov 2025 13:56:28","66064","18,956","0,732","5,764","9,40","704",
" 6/5","5 nov 2025 13:56:47","66072","18,964","0,732","5,686","9,91","697",
" 7/1","5 nov 2025 13:58:41","66120","18,970","0,732","5,804","9,57","708",
" 7/2","5 nov 2025 13:59:00","66128","18,968","0,732","5,712","9,84","707",
" 7/3","5 nov 2025 13:59:19","66136","18,992","0,732","5,720","9,68","704",
" 7/4","5 nov 2025 13:59:37","66144","18,976","0,734","5,704","9,82","704",
" 7/5","5 nov 2025 13:59:56","66152","18,972","0,732","5,640","9,83","705",
" 8/1","5 nov 2025 14:01:50","66200","18,968","0,732","5,696","9,60","703",
" 8/2","5 nov 2025 14:02:09","66208","18,976","0,732","5,598","9,83","701",
" 8/3","5 nov 2025 14:02:28","66216","18,968","0,732","5,668","9,87","703",
" 8/4","5 nov 2025 14:02:47","66224","18,972","0,734","5,700","9,62","705",
" 8/5","5 nov 2025 14:03:06","66232","18,962","0,732","5,680","9,55","704",
" 9/1","5 nov 2025 14:05:00","66280","18,972","0,732","5,706","9,71","705",
" 9/2","5 nov 2025 14:05:19","66288","18,964","0,732","5,750","9,76","703",
" 9/3","5 nov 2025 14:05:38","66296","18,968","0,732","5,748","9,90","702",
" 9/4","5 nov 2025 14:05:57","66304","18,960","0,732","5,662","9,73","708",
" 9/5","5 nov 2025 14:06:16","66312","18,966","0,730","5,714","9,49","697",
" 10/1","5 nov 2025 14:08:10","66360","18,984","0,734","5,698","9,50","703",
" 10/2","5 nov 2025 14:08:29","66368","18,970","0,732","5,708","9,43","705",
" 10/3","5 nov 2025 14:08:48","66376","18,972","0,734","5,748","9,86","700",
" 10/4","5 nov 2025 14:09:07","66384","18,964","0,732","5,736","9,82","707",
" 10/5","5 nov 2025 14:09:26","66392","18,976","0,732","5,618","9,83","708",
" 11/1","5 nov 2025 14:14:32","66440","18,954","0,734","5,472","9,64","702",
" 11/2","5 nov 2025 14:14:51","66448","18,988","0,734","5,478","9,39","701",
" 11/3","5 nov 2025 14:15:11","66456","18,978","0,732","5,502","9,61","706",
" 11/4","5 nov 2025 14:15:29","66464","18,952","0,736","5,508","9,87","701",
" 11/5","5 nov 2025 14:15:48","66472","18,978","0,734","5,530","9,83","709",
" 12/1","5 nov 2025 14:17:04","66504","18,956","0,732","5,592","8,93","698",
" 12/2","5 nov 2025 14:17:23","66512","18,962","0,732","5,618","9,19","705",
" 12/3","5 nov 2025 14:17:42","66520","18,980","0,734","5,684","9,86","701",
" 12/4","5 nov 2025 14:18:01","66528","18,966","0,732","5,580","9,84","703",
" 12/5","5 nov 2025 14:18:20","66536","18,962","0,732","5,604","9,70","706",
" 13/1","5 nov 2025 14:20:14","66584","18,952","0,732","5,612","9,45","703",
" 13/2","5 nov 2025 14:20:33","66592","18,974","0,734","5,700","9,68","706",
" 13/3","5 nov 2025 14:20:52","66600","18,964","0,732","5,682","9,45","700",
" 13/4","5 nov 2025 14:21:11","66608","18,960","0,732","5,772","9,40","693",
" 13/5","5 nov 2025 14:21:30","66616","18,960","0,728","5,694","8,54","692",
" 14/1","5 nov 2025 14:23:24","66664","18,946","0,732","5,700","9,56","705",
" 14/2","5 nov 2025 14:23:43","66672","18,958","0,732","5,614","9,79","709",
" 14/3","5 nov 2025 14:24:01","66680","18,960","0,734","5,648","9,79","706",
" 14/4","5 nov 2025 14:24:20","66688","18,962","0,732","5,672","9,64","704",
" 14/5","5 nov 2025 14:24:40","66696","18,966","0,732","5,668","9,68","705",
" 15/1","5 nov 2025 14:26:33","66744","18,942","0,732","5,646","9,74","701",
" 15/2","5 nov 2025 14:26:52","66752","18,950","0,732","5,638","9,86","704",
" 15/3","5 nov 2025 14:27:11","66760","18,942","0,732","5,676","9,75","707",
" 15/4","5 nov 2025 14:27:31","66768","18,944","0,730","5,706","9,40","706",
" 15/5","5 nov 2025 14:27:49","66776","18,962","0,732","5,690","9,39","695",
" 16/1","5 nov 2025 14:29:43","66824","18,968","0,732","5,704","9,44","710",
" 16/2","5 nov 2025 14:30:02","66832","18,958","0,734","5,750","9,83","699",
" 16/3","5 nov 2025 14:30:21","66840","18,962","0,732","5,686","9,73","709",
" 16/4","5 nov 2025 14:30:40","66848","18,968","0,734","5,696","9,64","707",
" 16/5","5 nov 2025 14:30:59","66856","18,972","0,738","5,716","9,86","701",
" 17/1","5 nov 2025 14:32:52","66904","18,968","0,732","5,668","9,67","711",
" 17/2","5 nov 2025 14:33:11","66912","18,966","0,732","5,654","9,73","702",
" 17/3","5 nov 2025 14:33:30","66920","18,958","0,730","5,562","9,53","701",
" 17/4","5 nov 2025 14:33:49","66928","18,972","0,736","5,758","9,12","706",
" 17/5","5 nov 2025 14:34:08","66936","18,958","0,732","5,666","9,43","696",
" 18/1","5 nov 2025 14:36:02","66984","18,970","0,734","5,642","9,48","708",
" 18/2","5 nov 2025 14:36:21","66992","18,970","0,732","5,688","8,57","699",
" 18/3","5 nov 2025 14:36:40","67000","18,976","0,734","5,800","9,50","696",
" 18/4","5 nov 2025 14:36:59","67008","18,944","0,732","5,648","9,62","702",
" 18/5","5 nov 2025 14:37:18","67016","18,964","0,734","5,656","9,61","700",
" 19/1","5 nov 2025 14:39:12","67064","18,950","0,732","5,676","9,45","702",
" 19/2","5 nov 2025 14:39:31","67072","18,942","0,730","5,668","9,59","705",
" 19/3","5 nov 2025 14:39:50","67080","18,960","0,730","5,718","9,45","702",
" 19/4","5 nov 2025 14:40:09","67088","18,978","0,732","5,690","9,52","703",
" 19/5","5 nov 2025 14:40:28","67096","18,950","0,732","5,648","9,58","701",
" 20/1","5 nov 2025 14:42:21","67144","18,964","0,734","5,662","9,20","702",
" 20/2","5 nov 2025 14:42:40","67152","18,954","0,732","5,704","9,57","707",
" 20/3","5 nov 2025 14:42:59","67160","18,962","0,730","5,664","9,20","703",
" 20/4","5 nov 2025 14:43:18","67168","18,958","0,734","5,736","9,40","703",
" 20/5","5 nov 2025 14:43:37","67176","18,968","0,732","5,714","9,55","709",
" 21/1","5 nov 2025 14:45:31","67224","18,964","0,732","5,616","9,45","705",
" 21/2","5 nov 2025 14:45:50","67232","18,970","0,734","5,682","9,60","702",
" 21/3","5 nov 2025 14:46:09","67240","18,966","0,732","5,666","9,36","705",
" 21/4","5 nov 2025 14:46:28","67248","18,958","0,732","5,690","8,45","698",
" 21/5","5 nov 2025 14:46:47","67256","18,952","0,732","5,854","9,50","700",
" 22/1","5 nov 2025 14:48:41","67304","18,968","0,732","5,596","9,62","709",
" 22/2","5 nov 2025 14:49:00","67312","18,962","0,732","5,596","9,66","699",
" 22/3","5 nov 2025 14:49:19","67320","18,966","0,732","5,684","9,86","710",
" 22/4","5 nov 2025 14:49:38","67328","18,970","0,734","5,668","9,78","698",
" 22/5","5 nov 2025 14:49:57","67336","18,964","0,736","5,636","9,58","708",
" 23/1","5 nov 2025 14:51:50","67384","18,954","0,728","5,626","9,17","709",
" 23/2","5 nov 2025 14:52:09","67392","18,970","0,734","5,680","9,92","714",
" 23/3","5 nov 2025 14:52:28","67400","18,956","0,734","5,662","9,77","708",
" 23/4","5 nov 2025 14:52:47","67408","18,964","0,732","5,720","9,33","704",
" 23/5","5 nov 2025 14:53:06","67416","18,974","0,734","5,690","9,71","701",
" 24/1","5 nov 2025 14:55:01","67464","18,968","0,732","5,746","9,47","710",
" 24/2","5 nov 2025 14:55:19","67472","18,974","0,734","5,778","9,71","707",
" 24/3","5 nov 2025 14:55:38","67480","18,970","0,736","5,724","10,07","713",
" 24/4","5 nov 2025 14:55:57","67488","18,952","0,734","5,654","9,46","708",
" 24/5","5 nov 2025 14:56:16","67496","18,952","0,732","5,710","9,81","705",
" 25/1","5 nov 2025 14:58:10","67544","18,970","0,734","5,700","9,94","719",
" 25/2","5 nov 2025 14:58:29","67552","18,968","0,734","5,688","9,93","717",
" 25/3","5 nov 2025 14:58:48","67560","18,964","0,734","5,680","10,11","717",
" 25/4","5 nov 2025 14:59:07","67568","18,966","0,732","5,652","9,94","714",
" 25/5","5 nov 2025 14:59:26","67576","18,968","0,732","5,696","9,68","713",
" 26/1","5 nov 2025 15:01:19","67624","18,966","0,734","5,664","10,22","706",
" 26/2","5 nov 2025 15:01:38","67632","18,964","0,732","5,668","9,94","709",
" 26/3","5 nov 2025 15:01:58","67640","18,948","0,734","5,688","9,83","714",
" 26/4","5 nov 2025 15:02:16","67648","18,950","0,734","5,748","9,98","716",
" 26/5","5 nov 2025 15:02:35","67656","18,968","0,734","5,704","10,20","715",
" 27/1","5 nov 2025 15:04:29","67704","18,970","0,734","5,650","10,05","712",
" 27/2","5 nov 2025 15:04:49","67712","18,976","0,734","5,696","9,94","715",
" 27/3","5 nov 2025 15:05:07","67720","18,970","0,732","5,712","9,69","715",
" 27/4","5 nov 2025 15:05:26","67728","18,966","0,732","5,710","9,77","712",
" 27/5","5 nov 2025 15:05:46","67736","18,972","0,734","5,734","9,96","710",
" 28/1","5 nov 2025 15:07:39","67784","18,966","0,734","5,660","10,03","710",
" 28/2","5 nov 2025 15:07:58","67792","18,946","0,730","5,682","9,94","711",
" 28/3","5 nov 2025 15:08:17","67800","18,962","0,732","5,652","9,23","706",
" 28/4","5 nov 2025 15:08:36","67808","18,974","0,734","5,746","9,53","707",
" 28/5","5 nov 2025 15:08:55","67816","18,964","0,732","5,712","10,07","716",
" 29/1","5 nov 2025 15:10:48","67864","18,974","0,734","5,768","9,86","706",
" 29/2","5 nov 2025 15:11:08","67872","18,976","0,734","5,694","10,05","717",
" 29/3","5 nov 2025 15:11:27","67880","18,964","0,734","5,774","9,98","717",
" 29/4","5 nov 2025 15:11:45","67888","18,962","0,732","5,704","9,96","708",
" 29/5","5 nov 2025 15:12:05","67896","18,964","0,732","5,750","10,08","712",
" 30/1","5 nov 2025 15:13:58","67944","18,962","0,732","5,682","10,06","716",
" 30/2","5 nov 2025 15:14:17","67952","18,962","0,734","5,634","9,98","712",
" 30/3","5 nov 2025 15:14:36","67960","18,964","0,732","5,658","9,94","709",
" 30/4","5 nov 2025 15:14:55","67968","18,968","0,732","5,682","10,08","716",
" 30/5","5 nov 2025 15:15:14","67976","18,960","0,732","5,728","10,03","711",
" 31/1","5 nov 2025 15:17:08","68024","18,980","0,734","5,730","10,04","710",
" 31/2","5 nov 2025 15:17:27","68032","18,962","0,734","5,698","9,81","703",
" 31/3","5 nov 2025 15:17:46","68040","18,966","0,732","5,684","9,93","713",
" 31/4","5 nov 2025 15:18:05","68048","18,992","0,734","5,704","10,02","714",
" 31/5","5 nov 2025 15:18:24","68056","18,974","0,732","5,708","9,71","706",
" 32/1","5 nov 2025 15:20:17","68104","18,968","0,734","5,672","9,79","709",
" 32/2","5 nov 2025 15:20:36","68112","18,970","0,732","5,758","9,94","710",
" 32/3","5 nov 2025 15:20:55","68120","18,982","0,734","5,730","10,08","713",
" 32/4","5 nov 2025 15:21:14","68128","18,974","0,734","5,748","9,68","710",
" 32/5","5 nov 2025 15:21:33","68136","18,954","0,732","5,718","9,88","709",
" 33/1","5 nov 2025 15:23:28","68184","18,970","0,732","5,654","9,96","710",
" 33/2","5 nov 2025 15:23:46","68192","18,954","0,734","5,664","10,03","709",
" 33/3","5 nov 2025 15:24:05","68200","18,970","0,732","5,692","10,05","712",
" 33/4","5 nov 2025 15:24:24","68208","18,982","0,734","5,680","9,88","708",
" 33/5","5 nov 2025 15:24:43","68216","18,970","0,732","5,644","9,86","705",
" 34/1","5 nov 2025 15:26:37","68264","18,958","0,732","5,698","9,64","707",
" 34/2","5 nov 2025 15:26:56","68272","18,968","0,734","5,716","9,83","705",
" 34/3","5 nov 2025 15:27:15","68280","18,966","0,736","5,666","10,01","704",
" 34/4","5 nov 2025 15:27:34","68288","18,962","0,732","5,708","9,92","709",
" 34/5","5 nov 2025 15:27:53","68296","18,978","0,734","5,766","9,94","712",
" 35/1","5 nov 2025 15:29:47","68344","18,962","0,732","5,692","9,77","707",
" 35/2","5 nov 2025 15:30:06","68352","18,980","0,734","5,696","9,64","700",
" 35/3","5 nov 2025 15:30:25","68360","18,976","0,732","5,706","9,96","707",
" 35/4","5 nov 2025 15:30:43","68368","18,970","0,734","5,714","9,72","707",
" 35/5","5 nov 2025 15:31:02","68376","18,964","0,732","5,758","9,52","706",
" 36/1","5 nov 2025 15:32:56","68424","18,952","0,734","5,660","9,96","705",
" 36/2","5 nov 2025 15:33:16","68432","18,958","0,732","5,676","9,47","696",
" 36/3","5 nov 2025 15:33:34","68440","18,954","0,732","5,678","9,24","705",
" 36/4","5 nov 2025 15:33:53","68448","18,962","0,734","5,720","9,90","704",
" 36/5","5 nov 2025 15:34:12","68456","18,962","0,732","5,656","9,48","700",
" 37/1","5 nov 2025 15:36:06","68504","18,954","0,734","5,794","9,95","711",
" 37/2","5 nov 2025 15:36:25","68512","18,950","0,734","5,640","9,76","699",
" 37/3","5 nov 2025 15:36:44","68520","18,956","0,734","5,656","9,64","710",
" 37/4","5 nov 2025 15:37:03","68528","18,980","0,734","5,666","9,88","704",
" 37/5","5 nov 2025 15:37:22","68536","18,964","0,732","5,682","9,66","709",
" 38/1","5 nov 2025 15:39:16","68584","18,964","0,732","5,664","10,01","713",
" 38/2","5 nov 2025 15:39:35","68592","18,954","0,732","5,696","9,66","708",
" 38/3","5 nov 2025 15:39:53","68600","18,972","0,732","5,684","9,93","712",
" 38/4","5 nov 2025 15:40:12","68608","18,952","0,734","5,630","10,03","702",
" 38/5","5 nov 2025 15:40:31","68616","18,952","0,732","5,578","10,01","707",
" 39/1","5 nov 2025 15:42:25","68664","18,962","0,734","5,700","8,80","706",
" 39/2","5 nov 2025 15:42:44","68672","18,966","0,734","5,740","9,92","713",
" 39/3","5 nov 2025 15:43:03","68680","18,968","0,732","5,658","9,89","711",
" 39/4","5 nov 2025 15:43:22","68688","18,970","0,732","5,678","9,34","709",
" 39/5","5 nov 2025 15:43:41","68696","18,964","0,734","5,704","9,70","713",
" 40/1","5 nov 2025 15:45:35","68744","18,972","0,734","5,708","9,92","704",
" 40/2","5 nov 2025 15:45:54","68752","18,950","0,732","5,680","9,27","709",
" 40/3","5 nov 2025 15:46:13","68760","18,956","0,732","5,798","9,76","711",
" 40/4","5 nov 2025 15:46:32","68768","18,946","0,732","5,710","10,03","711",
" 40/5","5 nov 2025 15:46:51","68776","18,954","0,734","5,712","9,92","706",
" 41/1","5 nov 2025 15:48:44","68824","18,988","0,736","5,688","10,01","709",
" 41/2","5 nov 2025 15:49:03","68832","18,982","0,732","5,664","9,98","712",
" 41/3","5 nov 2025 15:49:22","68840","18,966","0,732","5,640","9,75","706",
" 41/4","5 nov 2025 15:49:42","68848","18,974","0,734","5,656","9,76","710",
" 41/5","5 nov 2025 15:50:00","68856","18,978","0,734","5,620","9,60","701",
" 42/1","5 nov 2025 15:51:55","68904","18,952","0,732","5,730","10,08","705",
" 42/2","5 nov 2025 15:52:13","68912","18,968","0,734","5,636","10,05","715",
" 42/3","5 nov 2025 15:52:32","68920","18,964","0,734","5,652","9,84","712",
" 42/4","5 nov 2025 15:52:51","68928","18,956","0,732","5,704","9,70","703",
" 42/5","5 nov 2025 15:53:11","68936","18,960","0,732","5,682","10,02","712",
" 43/1","5 nov 2025 15:55:04","68984","18,976","0,734","5,686","9,95","712",
" 43/2","5 nov 2025 15:55:23","68992","18,972","0,732","5,748","10,00","711",
" 43/3","5 nov 2025 15:55:42","69000","18,976","0,732","5,684","10,01","703",
" 43/4","5 nov 2025 15:56:01","69008","18,972","0,734","5,650","9,84","714",
" 43/5","5 nov 2025 15:56:20","69016","18,952","0,732","5,722","10,03","712",
" 44/1","5 nov 2025 15:58:14","69064","18,958","0,732","5,748","9,61","710",
" 44/2","5 nov 2025 15:58:32","69072","18,964","0,734","5,702","10,17","706",
" 44/3","5 nov 2025 15:58:51","69080","18,962","0,734","5,630","10,03","703",
" 44/4","5 nov 2025 15:59:11","69088","18,962","0,732","5,686","9,92","703",
" 44/5","5 nov 2025 15:59:29","69096","18,966","0,734","5,694","10,11","719",
" 45/1","5 nov 2025 16:01:23","69144","18,968","0,734","5,786","10,03","717",
" 45/2","5 nov 2025 16:01:42","69152","18,968","0,734","5,700","10,07","703",
" 45/3","5 nov 2025 16:02:01","69160","18,976","0,734","5,732","9,98","709",
" 45/4","5 nov 2025 16:02:21","69168","18,966","0,734","5,684","10,07","713",
" 45/5","5 nov 2025 16:02:39","69176","18,968","0,732","5,630","10,20","703",
" 46/1","5 nov 2025 16:04:33","69224","18,976","0,734","5,740","9,81","707",
" 46/2","5 nov 2025 16:04:52","69232","18,970","0,732","5,640","10,09","705",
" 46/3","5 nov 2025 16:05:11","69240","18,976","0,732","5,700","9,98","709",
" 46/4","5 nov 2025 16:05:30","69248","18,976","0,734","5,702","10,05","717",
" 46/5","5 nov 2025 16:05:49","69256","18,964","0,734","5,674","10,18","714",
" 47/1","5 nov 2025 16:07:43","69304","18,966","0,734","5,646","10,12","715",
" 47/2","5 nov 2025 16:08:02","69312","18,980","0,734","5,558","10,14","713",
" 47/3","5 nov 2025 16:08:21","69320","18,956","0,732","5,620","10,14","716",
" 47/4","5 nov 2025 16:08:40","69328","18,972","0,734","5,634","10,11","715",
" 47/5","5 nov 2025 16:08:59","69336","18,958","0,734","5,666","10,02","716",
" 48/1","5 nov 2025 16:10:52","69384","18,968","0,734","5,646","10,14","717",
" 48/2","5 nov 2025 16:11:11","69392","18,982","0,736","5,668","9,79","712",
" 48/3","5 nov 2025 16:11:30","69400","18,964","0,732","5,690","9,50","709",
" 48/4","5 nov 2025 16:11:49","69408","18,970","0,734","5,646","10,01","710",
" 48/5","5 nov 2025 16:12:08","69416","18,962","0,734","5,650","10,11","716",
" 49/1","5 nov 2025 16:14:03","69464","18,978","0,734","5,782","10,10","707",
" 49/2","5 nov 2025 16:14:22","69472","18,966","0,732","5,732","10,03","714",
" 49/3","5 nov 2025 16:14:41","69480","18,970","0,732","5,702","10,02","713",
" 49/4","5 nov 2025 16:14:59","69488","18,968","0,732","5,710","10,19","719",
" 49/5","5 nov 2025 16:15:18","69496","18,972","0,734","5,720","10,04","712",
" 50/1","5 nov 2025 16:17:12","69544","18,972","0,732","5,722","10,13","715",
" 50/2","5 nov 2025 16:17:31","69552","18,972","0,732","5,672","10,08","712",
" 50/3","5 nov 2025 16:17:50","69560","18,982","0,734","5,690","9,64","710",
" 50/4","5 nov 2025 16:18:09","69568","18,988","0,734","5,720","10,16","717",
" 50/5","5 nov 2025 16:18:28","69576","18,970","0,734","5,712","10,01","704",
" 51/1","5 nov 2025 16:20:22","69624","18,968","0,732","5,782","9,85","702",
" 51/2","5 nov 2025 16:20:41","69632","18,968","0,732","5,748","9,92","705",
" 51/3","5 nov 2025 16:21:00","69640","18,970","0,734","5,750","10,14","717",
" 51/4","5 nov 2025 16:21:18","69648","18,954","0,732","5,754","10,00","707",
" 51/5","5 nov 2025 16:21:37","69656","18,964","0,732","5,672","10,14","713",
" 52/1","5 nov 2025 16:23:31","69704","18,972","0,732","5,650","9,89","707",
" 52/2","5 nov 2025 16:23:50","69712","18,970","0,732","5,648","9,88","715",
" 52/3","5 nov 2025 16:24:09","69720","18,974","0,734","5,650","10,15","713",
" 52/4","5 nov 2025 16:24:28","69728","18,984","0,734","5,636","10,05","717",
" 52/5","5 nov 2025 16:24:48","69736","18,976","0,732","5,762","9,94","706",
" 53/1","5 nov 2025 16:26:41","69784","18,986","0,734","5,736","10,03","712",
" 53/2","5 nov 2025 16:27:00","69792","18,962","0,732","5,634","10,13","710",
" 53/3","5 nov 2025 16:27:19","69800","18,958","0,732","5,716","10,20","705",
" 53/4","5 nov 2025 16:27:38","69808","18,966","0,732","5,676","10,06","702",
" 53/5","5 nov 2025 16:27:57","69816","18,968","0,732","5,632","9,92","709",
" 54/1","5 nov 2025 16:29:51","69864","18,968","0,732","5,756","10,03","711",
" 54/2","5 nov 2025 16:30:10","69872","18,980","0,734","5,728","10,15","710",
" 54/3","5 nov 2025 16:30:29","69880","18,960","0,732","5,714","10,04","714",
" 54/4","5 nov 2025 16:30:48","69888","18,968","0,732","5,772","10,03","710",
" 54/5","5 nov 2025 16:31:07","69896","18,978","0,734","5,722","10,15","707",
" 55/1","5 nov 2025 16:33:01","69944","18,966","0,734","5,674","10,13","709",
" 55/2","5 nov 2025 16:33:19","69952","18,962","0,732","5,682","10,06","713",
" 55/3","5 nov 2025 16:33:39","69960","18,962","0,732","5,742","9,71","710",
" 55/4","5 nov 2025 16:33:57","69968","18,966","0,732","5,768","9,95","711",
" 55/5","5 nov 2025 16:34:16","69976","18,964","0,732","5,696","10,14","711",
" 56/1","5 nov 2025 16:36:10","70024","18,974","0,734","5,704","9,66","703",
" 56/2","5 nov 2025 16:36:29","70032","18,964","0,732","5,758","10,14","704",
" 56/3","5 nov 2025 16:36:48","70040","18,974","0,734","5,690","9,88","707",
" 56/4","5 nov 2025 16:37:07","70048","18,980","0,732","5,758","9,68","709",
" 56/5","5 nov 2025 16:37:26","70056","18,966","0,732","5,710","10,15","705",
" 57/1","5 nov 2025 16:39:20","70104","18,966","0,730","5,704","8,67","703",
" 57/2","5 nov 2025 16:39:39","70112","18,976","0,732","5,992","9,68","710",
" 57/3","5 nov 2025 16:39:58","70120","18,978","0,732","5,702","10,16","705",
" 57/4","5 nov 2025 16:40:17","70128","18,966","0,734","5,664","10,00","713",
" 57/5","5 nov 2025 16:40:36","70136","18,970","0,734","5,744","9,75","711",
" 58/1","5 nov 2025 16:42:30","70184","18,982","0,734","5,706","9,94","706",
" 58/2","5 nov 2025 16:42:49","70192","18,978","0,732","5,756","10,07","713",
" 58/3","5 nov 2025 16:43:08","70200","18,972","0,732","5,754","9,92","706",
" 58/4","5 nov 2025 16:43:27","70208","18,964","0,732","5,700","9,97","713",
" 58/5","5 nov 2025 16:43:46","70216","18,974","0,732","5,664","10,11","713",
" 59/1","5 nov 2025 16:45:40","70264","18,966","0,732","5,648","10,07","712",
" 59/2","5 nov 2025 16:45:58","70272","18,966","0,732","5,654","10,17","712",
" 59/3","5 nov 2025 16:46:17","70280","18,962","0,730","5,728","9,90","710",
" 59/4","5 nov 2025 16:46:37","70288","18,958","0,734","5,616","9,96","709",
" 59/5","5 nov 2025 16:46:55","70296","18,984","0,734","5,658","10,14","715",
" 60/1","5 nov 2025 16:48:49","70344","18,978","0,734","5,724","9,04","699",
" 60/2","5 nov 2025 16:49:08","70352","18,970","0,732","5,790","10,08","711",
" 60/3","5 nov 2025 16:49:27","70360","18,976","0,732","5,702","9,81","712",
" 60/4","5 nov 2025 16:49:46","70368","18,988","0,734","5,684","9,93","715",
" 60/5","5 nov 2025 16:50:05","70376","18,984","0,732","5,632","10,03","707",
" 61/1","5 nov 2025 16:51:59","70424","18,964","0,734","5,670","9,90","704",
" 61/2","5 nov 2025 16:52:18","70432","18,968","0,732","5,678","10,16","716",
" 61/3","5 nov 2025 16:52:37","70440","18,968","0,732","5,656","10,10","712",
" 61/4","5 nov 2025 16:52:56","70448","18,982","0,734","5,738","9,98","712",
" 61/5","5 nov 2025 16:53:15","70456","18,972","0,732","5,696","10,19","714",
" 62/1","5 nov 2025 16:55:09","70504","18,978","0,734","5,634","10,05","705",
" 62/2","5 nov 2025 16:55:28","70512","18,978","0,732","5,724","9,92","710",
" 62/3","5 nov 2025 16:55:47","70520","18,968","0,732","5,728","9,76","701",
" 62/4","5 nov 2025 16:56:06","70528","18,978","0,734","5,734","10,17","716",
" 62/5","5 nov 2025 16:56:25","70536","18,978","0,732","5,700","9,98","713",
" 63/1","5 nov 2025 16:58:19","70584","18,962","0,732","5,708","10,20","714",
" 63/2","5 nov 2025 16:58:37","70592","18,966","0,732","5,688","10,09","709",
" 63/3","5 nov 2025 16:58:56","70600","18,970","0,734","5,608","10,10","713",
" 63/4","5 nov 2025 16:59:15","70608","18,960","0,732","5,634","10,16","714",
" 63/5","5 nov 2025 16:59:34","70616","18,980","0,732","5,692","9,88","706",
" 64/1","5 nov 2025 17:01:28","70664","18,972","0,734","5,722","10,17","706",
" 64/2","5 nov 2025 17:01:47","70672","18,976","0,732","5,752","9,97","700",
" 64/3","5 nov 2025 17:02:06","70680","18,978","0,732","5,758","10,17","708",
" 64/4","5 nov 2025 17:02:25","70688","18,972","0,732","5,760","10,01","709",
" 64/5","5 nov 2025 17:02:45","70696","18,972","0,734","5,642","10,05","710",
" 65/1","5 nov 2025 17:04:38","70744","18,962","0,732","5,804","10,05","713",
" 65/2","5 nov 2025 17:04:57","70752","18,976","0,734","5,678","10,20","714",
" 65/3","5 nov 2025 17:05:16","70760","18,968","0,732","5,720","10,16","709",
" 65/4","5 nov 2025 17:05:35","70768","18,968","0,734","5,710","10,03","711",
" 65/5","5 nov 2025 17:05:54","70776","18,960","0,732","5,684","10,17","711",
" 66/1","5 nov 2025 17:07:48","70824","18,986","0,732","5,694","9,52","705",
" 66/2","5 nov 2025 17:08:07","70832","18,972","0,732","5,708","10,16","718",
" 66/3","5 nov 2025 17:08:26","70840","18,972","0,734","5,644","10,11","714",
" 66/4","5 nov 2025 17:08:45","70848","18,972","0,732","5,716","9,81","714",
" 66/5","5 nov 2025 17:09:04","70856","18,972","0,734","5,712","10,13","716",
" 67/1","5 nov 2025 17:10:57","70904","18,972","0,732","5,746","9,96","712",
" 67/2","5 nov 2025 17:11:17","70912","18,964","0,732","5,692","10,13","713",
" 67/3","5 nov 2025 17:11:35","70920","18,972","0,732","5,712","9,68","712",
" 67/4","5 nov 2025 17:11:54","70928","18,980","0,734","5,794","10,17","708",
" 67/5","5 nov 2025 17:12:13","70936","18,962","0,734","5,692","10,22","715",
" 68/1","5 nov 2025 17:14:07","70984","18,964","0,732","5,658","10,20","715",
" 68/2","5 nov 2025 17:14:26","70992","18,982","0,732","5,658","10,18","716",
" 68/3","5 nov 2025 17:14:45","71000","18,980","0,734","5,688","10,04","710",
" 68/4","5 nov 2025 17:15:04","71008","18,968","0,732","5,662","10,05","705",
" 68/5","5 nov 2025 17:15:23","71016","18,976","0,732","5,806","10,17","717",
" 69/1","5 nov 2025 17:17:17","71064","18,970","0,732","5,696","10,14","704",
" 69/2","5 nov 2025 17:17:36","71072","18,968","0,732","5,646","9,93","714",
" 69/3","5 nov 2025 17:17:55","71080","18,974","0,732","5,714","9,84","704",
" 69/4","5 nov 2025 17:18:14","71088","18,968","0,732","5,718","10,11","712",
" 69/5","5 nov 2025 17:18:33","71096","18,984","0,734","5,690","10,22","715",
" 70/1","5 nov 2025 17:20:27","71144","18,960","0,732","5,674","10,07","712",
" 70/2","5 nov 2025 17:20:46","71152","18,966","0,732","5,656","10,13","713",
" 70/3","5 nov 2025 17:21:05","71160","18,968","0,734","5,670","9,94","705",
" 70/4","5 nov 2025 17:21:23","71168","18,976","0,734","5,658","10,03","707",
" 70/5","5 nov 2025 17:21:42","71176","18,980","0,734","5,666","10,14","715",
" 71/1","5 nov 2025 17:23:36","71224","18,986","0,732","5,744","10,15","717",
" 71/2","5 nov 2025 17:23:56","71232","18,968","0,732","5,728","9,96","711",
" 71/3","5 nov 2025 17:24:14","71240","18,964","0,732","5,716","10,10","714",
" 71/4","5 nov 2025 17:24:33","71248","18,972","0,732","5,734","10,01","710",
" 71/5","5 nov 2025 17:24:52","71256","18,976","0,734","5,736","10,05","716",
" 72/1","5 nov 2025 17:26:47","71304","18,976","0,732","5,766","9,80","714",
" 72/2","5 nov 2025 17:27:06","71312","18,968","0,732","5,724","10,15","703",
" 72/3","5 nov 2025 17:27:24","71320","18,966","0,730","5,720","10,17","714",
" 72/4","5 nov 2025 17:27:43","71328","18,958","0,732","5,738","10,16","706",
" 72/5","5 nov 2025 17:28:02","71336","18,978","0,734","5,724","10,15","715",
" 73/1","5 nov 2025 17:29:56","71384","18,982","0,734","5,704","9,21","701",
" 73/2","5 nov 2025 17:30:15","71392","18,960","0,732","5,836","10,14","714",
" 73/3","5 nov 2025 17:30:34","71400","18,972","0,734","5,736","10,01","709",
" 73/4","5 nov 2025 17:30:53","71408","18,982","0,732","5,702","10,07","711",
" 73/5","5 nov 2025 17:31:12","71416","18,970","0,732","5,666","10,06","714",
" 74/1","5 nov 2025 17:33:06","71464","18,972","0,734","5,680","9,81","712",
" 74/2","5 nov 2025 17:33:24","71472","18,968","0,732","5,638","10,17","712",
" 74/3","5 nov 2025 17:33:43","71480","18,950","0,730","5,652","10,09","711",
" 74/4","5 nov 2025 17:34:02","71488","18,948","0,734","5,672","9,93","711",
" 74/5","5 nov 2025 17:34:21","71496","18,966","0,732","5,666","10,09","706",
" 75/1","5 nov 2025 17:36:15","71544","18,968","0,734","5,764","10,03","709",
" 75/2","5 nov 2025 17:36:35","71552","18,978","0,732","5,668","10,05","717",
" 75/3","5 nov 2025 17:36:53","71560","18,978","0,734","5,704","9,66","716",
" 75/4","5 nov 2025 17:37:12","71568","18,976","0,732","5,814","10,20","718",
" 75/5","5 nov 2025 17:37:32","71576","18,972","0,732","5,714","10,23","718",
" 76/1","5 nov 2025 17:39:26","71624","18,982","0,734","5,674","10,15","706",
" 76/2","5 nov 2025 17:39:45","71632","18,970","0,734","5,700","10,03","718",
" 76/3","5 nov 2025 17:40:03","71640","18,970","0,732","5,676","9,21","706",
" 76/4","5 nov 2025 17:40:22","71648","18,966","0,732","5,834","10,16","708",
" 76/5","5 nov 2025 17:40:41","71656","18,972","0,732","5,646","10,23","718",
" 77/1","5 nov 2025 17:42:35","71704","18,970","0,732","5,722","10,22","716",
" 77/2","5 nov 2025 17:42:54","71712","18,970","0,732","5,684","10,01","705",
" 77/3","5 nov 2025 17:43:13","71720","18,970","0,734","5,658","9,81","708",
" 77/4","5 nov 2025 17:43:32","71728","18,970","0,732","5,706","9,71","707",
" 77/5","5 nov 2025 17:43:51","71736","18,978","0,734","5,754","10,14","706",
" 78/1","5 nov 2025 17:45:44","71784","18,980","0,732","5,658","10,05","708",
" 78/2","5 nov 2025 17:46:04","71792","18,966","0,734","5,732","10,14","714",
" 78/3","5 nov 2025 17:46:22","71800","18,980","0,734","5,704","10,03","717",
" 78/4","5 nov 2025 17:46:41","71808","18,966","0,732","5,654","10,02","718",
" 78/5","5 nov 2025 17:47:00","71816","18,980","0,734","5,662","10,11","712",
" 79/1","5 nov 2025 17:48:55","71864","18,982","0,734","5,784","10,19","720",
" 79/2","5 nov 2025 17:49:13","71872","18,984","0,734","5,674","10,22","717",
" 79/3","5 nov 2025 17:49:32","71880","18,972","0,732","5,690","10,05","711",
" 79/4","5 nov 2025 17:49:51","71888","18,972","0,732","5,730","10,04","715",
" 79/5","5 nov 2025 17:50:11","71896","18,970","0,732","5,672","10,18","719",
" 80/1","5 nov 2025 17:52:05","71944","18,976","0,734","5,738","9,71","715",
" 80/2","5 nov 2025 17:52:23","71952","18,974","0,734","5,674","10,10","711",
" 80/3","5 nov 2025 17:52:42","71960","18,980","0,732","5,642","10,10","713",
" 80/4","5 nov 2025 17:53:01","71968","18,976","0,732","5,722","9,66","705",
" 80/5","5 nov 2025 17:53:20","71976","18,986","0,734","5,756","9,96","715",
" 81/1","5 nov 2025 17:55:14","72024","18,972","0,734","5,702","9,92","714",
" 81/2","5 nov 2025 17:55:33","72032","18,964","0,730","5,676","10,09","720",
" 81/3","5 nov 2025 17:55:52","72040","18,988","0,734","5,722","10,13","714",
" 81/4","5 nov 2025 17:56:11","72048","18,974","0,732","5,734","9,74","709",
" 81/5","5 nov 2025 17:56:30","72056","18,976","0,732","5,638","10,12","716",
" 82/1","5 nov 2025 17:58:24","72104","18,984","0,730","5,658","10,07","718",
" 82/2","5 nov 2025 17:58:43","72112","18,986","0,734","5,698","10,14","711",
" 82/3","5 nov 2025 17:59:01","72120","18,968","0,732","5,712","9,73","716",
" 82/4","5 nov 2025 17:59:21","72128","18,968","0,732","5,780","10,07","716",
" 82/5","5 nov 2025 17:59:40","72136","18,970","0,732","5,648","10,18","722",
" 83/1","5 nov 2025 18:01:34","72184","18,982","0,734","5,644","10,19","720",
" 83/2","5 nov 2025 18:01:53","72192","18,972","0,732","5,634","10,22","716",
" 83/3","5 nov 2025 18:02:12","72200","18,978","0,734","5,658","10,06","710",
" 83/4","5 nov 2025 18:02:31","72208","18,964","0,732","5,686","9,60","715",
" 83/5","5 nov 2025 18:02:50","72216","18,970","0,732","5,726","9,80","722",
" 84/1","5 nov 2025 18:11:22","72248","18,992","0,732","5,368","9,04","719",
" 84/2","5 nov 2025 18:11:41","72256","18,992","0,732","5,528","9,94","720",
" 84/3","5 nov 2025 18:12:00","72264","19,000","0,734","5,426","10,13","719",
" 84/4","5 nov 2025 18:12:19","72272","18,976","0,732","5,392","10,09","719",
" 84/5","5 nov 2025 18:12:38","72280","18,992","0,732","5,416","10,15","721",
" 85/1","5 nov 2025 18:12:57","72288","18,990","0,732","5,414","10,19","721",
" 85/2","5 nov 2025 18:13:16","72296","19,002","0,734","5,502","10,18","721",
" 85/3","5 nov 2025 18:13:35","72304","18,976","0,732","5,528","10,15","720",
" 85/4","5 nov 2025 18:13:54","72312","18,988","0,732","5,558","10,07","722",
" 85/5","5 nov 2025 18:14:13","72320","18,998","0,734","5,542","9,70","717",
" 86/1","5 nov 2025 18:16:07","72368","18,986","0,732","5,698","10,21","717",
" 86/2","5 nov 2025 18:16:26","72376","18,978","0,732","5,608","10,20","716",
" 86/3","5 nov 2025 18:16:45","72384","18,966","0,732","5,706","10,05","715",
" 86/4","5 nov 2025 18:17:04","72392","18,974","0,732","5,624","9,95","718",
" 86/5","5 nov 2025 18:17:23","72400","18,980","0,732","5,688","10,22","711",
" 87/1","5 nov 2025 18:19:17","72448","18,976","0,732","5,648","10,22","720",
" 87/2","5 nov 2025 18:19:36","72456","18,972","0,732","5,706","10,14","720",
" 87/3","5 nov 2025 18:19:55","72464","18,980","0,732","5,692","9,50","714",
" 87/4","5 nov 2025 18:20:14","72472","18,974","0,732","5,748","9,79","715",
" 87/5","5 nov 2025 18:20:33","72480","18,988","0,732","5,740","10,16","710",
" 88/1","5 nov 2025 18:22:27","72528","18,966","0,732","5,688","10,14","717",
" 88/2","5 nov 2025 18:22:46","72536","18,972","0,734","5,760","9,78","709",
" 88/3","5 nov 2025 18:23:05","72544","18,980","0,734","5,760","10,00","713",
" 88/4","5 nov 2025 18:23:24","72552","18,974","0,732","5,736","10,18","708",
" 88/5","5 nov 2025 18:23:43","72560","18,982","0,732","5,716","10,06","717",
" 89/1","5 nov 2025 18:25:37","72608","18,984","0,732","5,766","10,13","718",
" 89/2","5 nov 2025 18:25:56","72616","18,974","0,734","5,680","10,09","719",
" 89/3","5 nov 2025 18:26:14","72624","18,976","0,732","5,720","10,20","720",
" 89/4","5 nov 2025 18:26:33","72632","18,988","0,732","5,748","9,66","716",
" 89/5","5 nov 2025 18:26:52","72640","18,982","0,732","5,748","10,08","718",
" 90/1","5 nov 2025 18:28:46","72688","18,980","0,732","5,754","10,12","718",
" 90/2","5 nov 2025 18:29:05","72696","18,982","0,734","5,668","10,23","718",
" 90/3","5 nov 2025 18:29:24","72704","18,984","0,732","5,694","10,12","716",
" 90/4","5 nov 2025 18:29:43","72712","18,982","0,734","5,748","9,75","706",
" 90/5","5 nov 2025 18:30:02","72720","18,974","0,732","5,734","10,14","718",
" 91/1","5 nov 2025 18:31:56","72768","18,976","0,734","5,756","9,97","716",
" 91/2","5 nov 2025 18:32:15","72776","18,974","0,734","5,690","10,20","714",
" 91/3","5 nov 2025 18:32:35","72784","18,976","0,732","5,718","10,16","716",
" 91/4","5 nov 2025 18:32:53","72792","18,982","0,732","5,730","10,03","717",
" 91/5","5 nov 2025 18:33:12","72800","18,978","0,734","5,764","10,16","712",
